编号,问题,一级分类,二级分类,生成答案的方式,问题出现次数,生成问题时的编号
1,Are there any ${BRAND_NAME} coupons available right now?,coupons & sales,coupons,手写模板,1,
1,Does ${BRAND_NAME} offer any coupons now?,coupons & sales,coupons,手写模板,1,
1,Can I find any active coupons for ${BRAND_NAME} right now?,coupons & sales,coupons,手写模板,1,
1,Are there any current discounts for ${BRAND_NAME}?,coupons & sales,coupons,手写模板,1,
1,Does ${BRAND_NAME} have any ongoing offers?,coupons & sales,coupons,手写模板,1,
1,Is ${BRAND_NAME} offering any discounts at the moment?,coupons & sales,coupons,手写模板,1,
1,Any ongoing promotions for ${BRAND_NAME} currently?,coupons & sales,coupons,手写模板,1,
1,Can I get any discounts for ${BRAND_NAME} at this time?,coupons & sales,coupons,手写模板,1,
1,Are there any ${BRAND_NAME} discounts available today?,coupons & sales,coupons,手写模板,1,
1,Is there a ${BRAND_NAME} coupon code I can use today?,coupons & sales,coupons,手写模板,1,
2,What is the best ${BRAND_NAME} coupon code right now?,coupons & sales,coupons,手写模板,1,
2,What's the most popular ${BRAND_NAME} discount code today?,coupons & sales,coupons,手写模板,1,
2,What’s the top ${BRAND_NAME} promo code available now?,coupons & sales,coupons,手写模板,1,
2,Which ${BRAND_NAME} code gives the biggest savings?,coupons & sales,coupons,手写模板,1,
2,Are there any ${BRAND_NAME} codes offering the best discount right now?,coupons & sales,coupons,手写模板,1,
2,Where to find the best ${BRAND_NAME} coupon code today?,coupons & sales,coupons,手写模板,1,
2,Which ${BRAND_NAME} code should I use for the best savings?,coupons & sales,coupons,手写模板,1,
2,Any top ${BRAND_NAME} codes available now?,coupons & sales,coupons,手写模板,1,
2,What's the best ${BRAND_NAME} coupon to use right now?,coupons & sales,coupons,手写模板,1,
2,What is the top-rated ${BRAND_NAME} coupon code available now?,coupons & sales,coupons,手写模板,1,
3,Where to find the best ${BRAND_NAME} coupons?,coupons & sales,coupons,手写模板,1,
3,Where can I find the latest ${BRAND_NAME} coupons?,coupons & sales,coupons,手写模板,1,
3,Where do I get the best ${BRAND_NAME} promo codes?,coupons & sales,coupons,手写模板,1,
3,Where to get the latest ${BRAND_NAME} discounts?,coupons & sales,coupons,手写模板,1,
3,What are the top sources for ${BRAND_NAME} coupon codes?,coupons & sales,coupons,手写模板,1,
3,Which sites offer the best ${BRAND_NAME} savings?,coupons & sales,coupons,手写模板,1,
3,Where do I locate the top ${BRAND_NAME} offers?,coupons & sales,coupons,手写模板,1,
3,How can I access hot ${BRAND_NAME} coupons?,coupons & sales,coupons,手写模板,1,
3,How do I find the latest ${BRAND_NAME} discount codes?,coupons & sales,coupons,手写模板,1,
3,Where can I find current ${BRAND_NAME} discounts and deals?,coupons & sales,coupons,手写模板,1,
4,How to use ${BRAND_NAME} coupon codes?,coupons & sales,coupons,手写模板,1,
4,How do I use my ${BRAND_NAME} discount code?,coupons & sales,coupons,手写模板,1,
4,How to redeem a ${BRAND_NAME} coupon at checkout?,coupons & sales,coupons,手写模板,1,
4,How to apply a ${BRAND_NAME} discount code at checkout?,coupons & sales,coupons,手写模板,1,
4,Where to enter my ${BRAND_NAME} discount code?,coupons & sales,coupons,手写模板,1,
4,How do I add a ${BRAND_NAME} coupon code to my order?,coupons & sales,coupons,手写模板,1,
4,How to redeem a ${BRAND_NAME} coupon during the payment process?,coupons & sales,coupons,手写模板,1,
4,How to apply a coupon to my ${BRAND_NAME} order?,coupons & sales,coupons,手写模板,1,
4,How can I use a ${BRAND_NAME} discount code online?,coupons & sales,coupons,手写模板,1,
4,How to enter my ${BRAND_NAME} coupon during checkout?,coupons & sales,coupons,手写模板,1,
5,How often do ${BRAND_NAME} coupons come out?,coupons & sales,coupons,手写模板,1,
5,How often does ${BRAND_NAME} release new coupons?,coupons & sales,coupons,手写模板,1,
5,How often does ${BRAND_NAME} issue discount codes?,coupons & sales,coupons,手写模板,1,
5,How frequently does ${BRAND_NAME} update their coupons?,coupons & sales,coupons,手写模板,1,
5,How regularly does ${BRAND_NAME} launch new promo codes?,coupons & sales,coupons,手写模板,1,
5,How often are ${BRAND_NAME} coupons made available?,coupons & sales,coupons,手写模板,1,
5,How often can I expect new ${BRAND_NAME} offers?,coupons & sales,coupons,手写模板,1,
5,How frequently are ${BRAND_NAME} coupons released?,coupons & sales,coupons,手写模板,1,
5,How regularly are ${BRAND_NAME} discounts updated?,coupons & sales,coupons,手写模板,1,
5,How frequently are fresh ${BRAND_NAME} coupons released?,coupons & sales,coupons,手写模板,1,
6,Can you stack coupons at ${BRAND_NAME}?,coupons & sales,coupons,手写模板,1,
6,Can you use multiple coupons at ${BRAND_NAME}?,coupons & sales,coupons,手写模板,1,
6,Can you use two coupons at ${BRAND_NAME}?,coupons & sales,coupons,手写模板,1,
6,Can I combine coupons at ${BRAND_NAME}?,coupons & sales,coupons,手写模板,1,
6,Is it possible to stack coupons at ${BRAND_NAME}?,coupons & sales,coupons,手写模板,1,
6,Can I apply multiple ${BRAND_NAME} codes at once?,coupons & sales,coupons,手写模板,1,
6,Can I enter multiple ${BRAND_NAME} codes on one purchase?,coupons & sales,coupons,手写模板,1,
6,Can I combine more than one ${BRAND_NAME} code at checkout?,coupons & sales,coupons,手写模板,1,
6,Can I use multiple ${BRAND_NAME} codes in a single order?,coupons & sales,coupons,手写模板,1,
6,Can I add multiple ${BRAND_NAME} discount codes at checkout?,coupons & sales,coupons,手写模板,1,
7,Why isn't my ${BRAND_NAME} promo code working?,coupons & sales,coupons,手写模板,1,
7,Why isn't my ${BRAND_NAME} code working?,coupons & sales,coupons,手写模板,1,1
7,Why is my ${BRAND_NAME} discount code invalid?,coupons & sales,coupons,手写模板,1,2
7,Why isn't my ${BRAND_NAME} coupon working?,coupons & sales,coupons,手写模板,1,3
7,Why won’t my ${BRAND_NAME} promo code apply?,coupons & sales,coupons,手写模板,1,4
7,Why does my ${BRAND_NAME} code show an error?,coupons & sales,coupons,手写模板,1,5
7,Why is my ${BRAND_NAME} coupon not valid?,coupons & sales,coupons,手写模板,1,6
7,Why is my ${BRAND_NAME} code not working at checkout?,coupons & sales,coupons,手写模板,1,7
7,"My ${BRAND_NAME} coupon code isn’t working, why?",coupons & sales,coupons,手写模板,1,8
7,Why is my ${BRAND_NAME} code being rejected?,coupons & sales,coupons,手写模板,1,9
8,Does ${BRAND_NAME} have a student discount?,特殊优惠,student discount,手写模板,1,
8,Does ${BRAND_NAME} offer a student discount?,特殊优惠,student discount,手写模板,1,10
8,Can students get a discount at ${BRAND_NAME}?,特殊优惠,student discount,手写模板,1,11
8,Is there a student discount available at ${BRAND_NAME}?,特殊优惠,student discount,手写模板,1,12
8,Does ${BRAND_NAME} offer discounts for students?,特殊优惠,student discount,手写模板,1,13
8,Does ${BRAND_NAME} give discounts to students?,特殊优惠,student discount,手写模板,1,14
8,Is there a student discount for ${BRAND_NAME}?,特殊优惠,student discount,手写模板,1,15
8,Can I get a student discount from ${BRAND_NAME}?,特殊优惠,student discount,手写模板,1,16
8,Does ${BRAND_NAME} have a student discount program?,特殊优惠,student discount,手写模板,1,17
8,Are student discounts available at ${BRAND_NAME}?,特殊优惠,student discount,手写模板,1,18
8,Is there a special discount that ${BRAND_NAME} provides to students?,特殊优惠,student discount,手写模板,1,
8,Are there any exclusive student discounts that ${BRAND_NAME} offers?,特殊优惠,student discount,手写模板,1,
8,Does ${BRAND_NAME} have a discount program specifically for students?,特殊优惠,student discount,手写模板,1,
8,Is there a special discount that ${BRAND_NAME} provides for students?,特殊优惠,student discount,手写模板,1,
8,Can students get a special discount when they shop at ${BRAND_NAME}?,特殊优惠,student discount,手写模板,1,
8,Does ${BRAND_NAME} offer any specific discounts for students?,特殊优惠,student discount,手写模板,1,
8,Are students eligible for any special discounts from ${BRAND_NAME}?,特殊优惠,student discount,手写模板,1,
8,"For students, does ${BRAND_NAME} offer any special discounts?",特殊优惠,student discount,手写模板,1,
8,Are there student discounts that ${BRAND_NAME} currently provides?,特殊优惠,student discount,手写模板,1,
8,Does ${BRAND_NAME} give any discounts specifically to students?,特殊优惠,student discount,手写模板,1,
8,Can students get special discounts on ${BRAND_NAME} products?,特殊优惠,student discount,手写模板,1,
8,Are there any ${BRAND_NAME} promotions specifically for students?,特殊优惠,student discount,手写模板,1,
8,"For students, does ${BRAND_NAME} offer any special deals or promotions?",特殊优惠,student discount,手写模板,1,
8,Do students receive any exclusive discounts from ${BRAND_NAME}?,特殊优惠,student discount,手写模板,1,
8,Does ${BRAND_NAME} offer any discounts exclusively for students?,特殊优惠,student discount,手写模板,1,
8,"For eligible students, does ${BRAND_NAME} offer any special discounts?",特殊优惠,student discount,手写模板,1,
8,Do students get a discount when shopping at ${BRAND_NAME}?,特殊优惠,student discount,手写模板,1,
8,Does ${BRAND_NAME} provide a student discount for eligible customers?,特殊优惠,student discount,手写模板,1,
8,Can students receive a discount at ${BRAND_NAME}?,特殊优惠,student discount,手写模板,1,
8,Can you get a student discount when purchasing from ${BRAND_NAME}?,特殊优惠,student discount,手写模板,1,
8,Are there student discounts available at ${BRAND_NAME}?,特殊优惠,student discount,手写模板,1,
8,Does ${BRAND_NAME} have any discounts for students?,特殊优惠,student discount,手写模板,1,
8,Is ${BRAND_NAME} offering any discounts for students?,特殊优惠,student discount,手写模板,1,
8,Are there any student discounts available at ${BRAND_NAME}?,特殊优惠,student discount,手写模板,1,
8,Is there a student discount that ${BRAND_NAME} provides?,特殊优惠,student discount,手写模板,1,
8,Does ${BRAND_NAME} provide any discounts specifically for students?,特殊优惠,student discount,手写模板,1,
8,Are there specific discounts for students that ${BRAND_NAME} offers?,特殊优惠,student discount,手写模板,1,
8,Does ${BRAND_NAME} have any discounts that cater to students?,特殊优惠,student discount,手写模板,1,
8,Are there any discounts that ${BRAND_NAME} provides to students?,特殊优惠,student discount,手写模板,1,
8,Does ${BRAND_NAME} have any discounts specifically for student shoppers?,特殊优惠,student discount,手写模板,1,
8,Does ${BRAND_NAME} have any specific discounts for students?,特殊优惠,student discount,手写模板,1,
8,Can students get a discount when they shop at ${BRAND_NAME}?,特殊优惠,student discount,手写模板,1,
8,Is a student discount available at ${BRAND_NAME}?,特殊优惠,student discount,手写模板,1,
8,Are there exclusive discounts for students at ${BRAND_NAME}?,特殊优惠,student discount,手写模板,1,
8,Are there student discounts provided by ${BRAND_NAME}?,特殊优惠,student discount,手写模板,1,
8,Is there a student-specific discount offered by ${BRAND_NAME}?,特殊优惠,student discount,手写模板,1,
8,Is ${BRAND_NAME} offering any student discounts?,特殊优惠,student discount,手写模板,1,
8,Does ${BRAND_NAME} have a discount for students?,特殊优惠,student discount,手写模板,1,
8,Are there special discounts for students at ${BRAND_NAME}?,特殊优惠,student discount,手写模板,1,
8,Does ${BRAND_NAME} offer discounts specifically for students?,特殊优惠,student discount,手写模板,1,
8,Are there any special student discounts at ${BRAND_NAME}?,特殊优惠,student discount,手写模板,1,
8,Is a student discount offered by ${BRAND_NAME}?,特殊优惠,student discount,手写模板,1,
8,Is there a discount available to students at ${BRAND_NAME}?,特殊优惠,student discount,手写模板,1,
8,Can you receive a discount as a student at ${BRAND_NAME}?,特殊优惠,student discount,手写模板,1,
8,Can I get a student discount on ${BRAND_NAME} purchases?,特殊优惠,student discount,手写模板,1,
8,Can students benefit from discounts at ${BRAND_NAME}?,特殊优惠,student discount,手写模板,1,
8,Does ${BRAND_NAME} give students any special offers?,特殊优惠,student discount,手写模板,1,
8,Does ${BRAND_NAME} have any discounts available for students?,特殊优惠,student discount,手写模板,1,
8,Does ${BRAND_NAME} provide a discount specifically for students?,特殊优惠,student discount,手写模板,1,
8,Does ${BRAND_NAME} give students any exclusive discounts?,特殊优惠,student discount,手写模板,1,
8,Does ${BRAND_NAME} offer students any special discounts?,特殊优惠,student discount,手写模板,1,
8,Does ${BRAND_NAME} provide any perks or discounts for students?,特殊优惠,student discount,手写模板,1,
8,Can students take advantage of discounts through ${BRAND_NAME}?,特殊优惠,student discount,手写模板,1,
8,Is ${BRAND_NAME} offering any exclusive discounts to students?,特殊优惠,student discount,手写模板,1,
8,Do students have access to special discounts from ${BRAND_NAME}?,特殊优惠,student discount,手写模板,1,
8,Does ${BRAND_NAME} include students in their discount programs?,特殊优惠,student discount,手写模板,1,
8,Can students benefit from ${BRAND_NAME} discount offerings?,特殊优惠,student discount,手写模板,1,
8,Is ${BRAND_NAME} giving any student-specific discounts?,特殊优惠,student discount,手写模板,1,
8,Is ${BRAND_NAME} currently providing discounts for students?,特殊优惠,student discount,手写模板,1,
8,Does ${BRAND_NAME} give students a special discount option?,特殊优惠,student discount,手写模板,1,
8,Does ${BRAND_NAME} have any special discounts for students?,特殊优惠,student discount,手写模板,1,
9,Does ${BRAND_NAME} offer a military discount?,特殊优惠,military discount,手写模板,1,
9,Does ${BRAND_NAME} have a military discount?,特殊优惠,military discount,手写模板,1,19
9,Can I get a military discount at ${BRAND_NAME}?,特殊优惠,military discount,手写模板,1,20
9,Is there a military discount available at ${BRAND_NAME}?,特殊优惠,military discount,手写模板,1,21
9,Does ${BRAND_NAME} have special offers for military members?,特殊优惠,military discount,手写模板,1,22
9,Does ${BRAND_NAME} give discounts to military personnel?,特殊优惠,military discount,手写模板,1,23
9,Are military discounts available at ${BRAND_NAME}?,特殊优惠,military discount,手写模板,1,24
9,Does ${BRAND_NAME} give military discounts?,特殊优惠,military discount,手写模板,1,25
9,Can military members get a discount at ${BRAND_NAME}?,特殊优惠,military discount,手写模板,1,26
9,Does ${BRAND_NAME} do military discounts?,特殊优惠,military discount,手写模板,1,27
9,Are there special discounts that ${BRAND_NAME} offers to military personnel?,特殊优惠,military discount,手写模板,1,
9,Does ${BRAND_NAME} offer any special discounts for military personnel?,特殊优惠,military discount,手写模板,1,
9,Does ${BRAND_NAME} provide a discount for military members?,特殊优惠,military discount,手写模板,1,
9,Do military members receive any special discounts when shopping at ${BRAND_NAME}?,特殊优惠,military discount,手写模板,1,
9,What discounts does ${BRAND_NAME} provide to military personnel?,特殊优惠,military discount,手写模板,1,
9,Are there any perks for military members in ${BRAND_NAME} discount program?,特殊优惠,military discount,手写模板,1,
9,Does ${BRAND_NAME} offer any specific discounts for those in the military?,特殊优惠,military discount,手写模板,1,
9,"For military members, does ${BRAND_NAME} have any discounts?",特殊优惠,military discount,手写模板,1,
9,Is there a special military discount that ${BRAND_NAME} currently offers?,特殊优惠,military discount,手写模板,1,
9,Are there any ${BRAND_NAME} promotions that cater to military members?,特殊优惠,military discount,手写模板,1,
9,What is the ${BRAND_NAME} military discount?,特殊优惠,military discount,手写模板,1,
9,Do military members get special discounts at ${BRAND_NAME}?,特殊优惠,military discount,手写模板,1,
9,Can military personnel get a discount at ${BRAND_NAME}?,特殊优惠,military discount,手写模板,1,
9,Are there any special discounts for military members at ${BRAND_NAME}?,特殊优惠,military discount,手写模板,1,
9,Is there a ${BRAND_NAME} discount for military members?,特殊优惠,military discount,手写模板,1,
9,What discounts does ${BRAND_NAME} offer for military members?,特殊优惠,military discount,手写模板,1,
9,Is a special discount available for military members at ${BRAND_NAME}?,特殊优惠,military discount,手写模板,1,
9,Does ${BRAND_NAME} offer exclusive discounts for military personnel?,特殊优惠,military discount,手写模板,1,
9,Does ${BRAND_NAME} provide special discounts to military customers?,特殊优惠,military discount,手写模板,1,
9,Does ${BRAND_NAME} have a military appreciation discount?,特殊优惠,military discount,手写模板,1,
9,Is there a specific ${BRAND_NAME} promotion for military personnel?,特殊优惠,military discount,手写模板,1,
9,Can military members receive a discount through ${BRAND_NAME}?,特殊优惠,military discount,手写模板,1,
9,Is there a military discount that ${BRAND_NAME} offers?,特殊优惠,military discount,手写模板,1,
9,Does ${BRAND_NAME} provide any discount for military personnel?,特殊优惠,military discount,手写模板,1,
9,"For military personnel, does ${BRAND_NAME} offer any discounts?",特殊优惠,military discount,手写模板,1,
9,Are there military-specific discounts that ${BRAND_NAME} provides?,特殊优惠,military discount,手写模板,1,
9,Can military members find special discounts at ${BRAND_NAME}?,特殊优惠,military discount,手写模板,1,
9,Do military members get a discount when shopping at ${BRAND_NAME}?,特殊优惠,military discount,手写模板,1,
9,Does ${BRAND_NAME} provide a military discount for eligible customers?,特殊优惠,military discount,手写模板,1,
9,Can military personnel receive a discount at ${BRAND_NAME}?,特殊优惠,military discount,手写模板,1,
9,Does ${BRAND_NAME} have any discounts for military members?,特殊优惠,military discount,手写模板,1,
9,Do military shoppers get a discount at ${BRAND_NAME}?,特殊优惠,military discount,手写模板,1,
9,Is ${BRAND_NAME} offering any discounts for military members?,特殊优惠,military discount,手写模板,1,
9,Are there any military discounts available at ${BRAND_NAME}?,特殊优惠,military discount,手写模板,1,
9,Does ${BRAND_NAME} provide discounts for military personnel?,特殊优惠,military discount,手写模板,1,
9,Can you find a military discount at ${BRAND_NAME}?,特殊优惠,military discount,手写模板,1,
9,Is there a special military discount offered by ${BRAND_NAME}?,特殊优惠,military discount,手写模板,1,
9,Does ${BRAND_NAME} have a discount program for military members?,特殊优惠,military discount,手写模板,1,
9,Are military discounts available when shopping at ${BRAND_NAME}?,特殊优惠,military discount,手写模板,1,
9,Does ${BRAND_NAME} offer any military discounts to its customers?,特殊优惠,military discount,手写模板,1,
9,Can military members benefit from discounts at ${BRAND_NAME}?,特殊优惠,military discount,手写模板,1,
9,Is there a way to get a military discount with ${BRAND_NAME}?,特殊优惠,military discount,手写模板,1,
9,Does ${BRAND_NAME} support military personnel with discounts?,特殊优惠,military discount,手写模板,1,
9,Can military members access discounts at ${BRAND_NAME}?,特殊优惠,military discount,手写模板,1,
9,Does ${BRAND_NAME} offer discounts specifically for military members?,特殊优惠,military discount,手写模板,1,
9,Does ${BRAND_NAME} have any special offers for military personnel?,特殊优惠,military discount,手写模板,1,
9,Can military personnel get special discounts at ${BRAND_NAME}?,特殊优惠,military discount,手写模板,1,
9,Does ${BRAND_NAME} have a military discount program?,特殊优惠,military discount,手写模板,1,
9,Do military personnel get discounts at ${BRAND_NAME}?,特殊优惠,military discount,手写模板,1,
9,Does ${BRAND_NAME} offer any exclusive military discounts?,特殊优惠,military discount,手写模板,1,
9,Are there any military discounts that ${BRAND_NAME} offers?,特殊优惠,military discount,手写模板,1,
9,Does ${BRAND_NAME} have a discount specifically for military personnel?,特殊优惠,military discount,手写模板,1,
9,Are there discounts for military personnel provided by ${BRAND_NAME}?,特殊优惠,military discount,手写模板,1,
9,Does ${BRAND_NAME} offer any discounts specifically for military members?,特殊优惠,military discount,手写模板,1,
9,Can military members benefit from ${BRAND_NAME} discount program?,特殊优惠,military discount,手写模板,1,
10,How to find ${BRAND_NAME} coupons on Reddit?,特殊优惠,reddit coupon,手写模板,1,
10,How can I find ${BRAND_NAME} promo codes on Reddit?,特殊优惠,reddit coupon,手写模板,1,28
10,Where should I look for ${BRAND_NAME} coupons on Reddit?,特殊优惠,reddit coupon,手写模板,1,29
10,How do I search for ${BRAND_NAME} discounts on Reddit?,特殊优惠,reddit coupon,手写模板,1,30
10,Can I get valid ${BRAND_NAME} coupons on Reddit?,特殊优惠,reddit coupon,手写模板,1,31
10,How do I locate ${BRAND_NAME} coupons & deals on Reddit?,特殊优惠,reddit coupon,手写模板,1,32
10,How can I locate ${BRAND_NAME} coupons and sales on Reddit?,特殊优惠,reddit coupon,手写模板,1,33
10,How do I find ${BRAND_NAME} discounts on Reddit?,特殊优惠,reddit coupon,手写模板,1,34
10,How to get the latest ${BRAND_NAME} coupons from Reddit?,特殊优惠,reddit coupon,手写模板,1,35
10,Where can I find the hottet ${BRAND_NAME} coupons on Reddit?,特殊优惠,reddit coupon,手写模板,1,36
10,Can I find ${BRAND_NAME} discounts on Reddit?,特殊优惠,reddit coupon,手写模板,1,
10,How to get ${BRAND_NAME} promo codes on Reddit?,特殊优惠,reddit coupon,手写模板,1,
10,How can I search for ${BRAND_NAME} coupons on Reddit?,特殊优惠,reddit coupon,手写模板,1,
10,How to locate ${BRAND_NAME} coupons on Reddit?,特殊优惠,reddit coupon,手写模板,1,
10,How do you discover ${BRAND_NAME} coupons on Reddit?,特殊优惠,reddit coupon,手写模板,1,
10,What’s the method to find ${BRAND_NAME} offers on Reddit?,特殊优惠,reddit coupon,手写模板,1,
10,How can I get ${BRAND_NAME} coupons through Reddit?,特殊优惠,reddit coupon,手写模板,1,
10,How do you locate ${BRAND_NAME} discount codes on Reddit?,特殊优惠,reddit coupon,手写模板,1,
10,Can I find the newest ${BRAND_NAME} coupons on Reddit?,特殊优惠,reddit coupon,手写模板,1,
10,Where do I find ${BRAND_NAME} coupons on Reddit?,特殊优惠,reddit coupon,手写模板,1,
10,How to search for the latest ${BRAND_NAME} coupons on Reddit?,特殊优惠,reddit coupon,手写模板,1,
10,How do I look for the latest ${BRAND_NAME} promotions on Reddit?,特殊优惠,reddit coupon,手写模板,1,
10,How to find and use ${BRAND_NAME} coupons from Reddit?,特殊优惠,reddit coupon,手写模板,1,
10,What’s the trick to finding ${BRAND_NAME} coupons on Reddit?,特殊优惠,reddit coupon,手写模板,1,
10,How can I discover ${BRAND_NAME} coupon codes on Reddit?,特殊优惠,reddit coupon,手写模板,1,
10,Where can I find ${BRAND_NAME} offer codes on Reddit?,特殊优惠,reddit coupon,手写模板,1,
10,How do I look for ${BRAND_NAME} coupons on Reddit?,特殊优惠,reddit coupon,手写模板,1,
10,Where can I locate ${BRAND_NAME} coupons on Reddit?,特殊优惠,reddit coupon,手写模板,1,
10,What are the best tips for finding ${BRAND_NAME} promo codes on Reddit?,特殊优惠,reddit coupon,手写模板,1,
10,What’s the easiest way to find ${BRAND_NAME} promotions on Reddit?,特殊优惠,reddit coupon,手写模板,1,
10,How can I browse for the hottest ${BRAND_NAME} promotions on Reddit?,特殊优惠,reddit coupon,手写模板,1,
10,Where do I locate ${BRAND_NAME} promo codes on Reddit?,特殊优惠,reddit coupon,手写模板,1,
10,Where do I find the best ${BRAND_NAME} coupons & sales on Reddit?,特殊优惠,reddit coupon,手写模板,1,
10,How can I check for ${BRAND_NAME} coupons on Reddit?,特殊优惠,reddit coupon,手写模板,1,
10,What’s the best way to get ${BRAND_NAME} promotions on Reddit?,特殊优惠,reddit coupon,手写模板,1,
10,How to locate coupons for ${BRAND_NAME} on Reddit?,特殊优惠,reddit coupon,手写模板,1,
10,What are the steps to find ${BRAND_NAME} coupons posted on Reddit?,特殊优惠,reddit coupon,手写模板,1,
10,Can ${BRAND_NAME} coupons be found by searching Reddit forums?,特殊优惠,reddit coupon,手写模板,1,
10,What should I search for on Reddit to get ${BRAND_NAME} coupons?,特殊优惠,reddit coupon,手写模板,1,
10,How can I locate coupons for ${BRAND_NAME} by browsing Reddit?,特殊优惠,reddit coupon,手写模板,1,
10,How do I search Reddit for ${BRAND_NAME} discount codes?,特殊优惠,reddit coupon,手写模板,1,
10,Where can I find ${BRAND_NAME} promotional codes on Reddit?,特殊优惠,reddit coupon,手写模板,1,
10,How do I find ${BRAND_NAME} coupons & discounts on Reddit?,特殊优惠,reddit coupon,手写模板,1,
10,How can I browse Reddit for ${BRAND_NAME} discounts?,特殊优惠,reddit coupon,手写模板,1,
10,How do I discover ${BRAND_NAME} coupon codes via Reddit?,特殊优惠,reddit coupon,手写模板,1,
10,How can I find the best ${BRAND_NAME} coupon codes on Reddit?,特殊优惠,reddit coupon,手写模板,1,
10,Where can I access ${BRAND_NAME} discounts through Reddit?,特殊优惠,reddit coupon,手写模板,1,
10,Where do I search for ${BRAND_NAME} offers on Reddit?,特殊优惠,reddit coupon,手写模板,1,
10,How do I spot ${BRAND_NAME} discount codes on Reddit?,特殊优惠,reddit coupon,手写模板,1,
10,How can I get ${BRAND_NAME} promotions on Reddit?,特殊优惠,reddit coupon,手写模板,1,
10,How can I locate ${BRAND_NAME} promotions through Reddit?,特殊优惠,reddit coupon,手写模板,1,
10,How can I search Reddit for ${BRAND_NAME} promotional codes?,特殊优惠,reddit coupon,手写模板,1,
10,How do I get the best ${BRAND_NAME} offers on Reddit?,特殊优惠,reddit coupon,手写模板,1,
10,Where do I access the newest ${BRAND_NAME} coupons on Reddit?,特殊优惠,reddit coupon,手写模板,1,
10,How do I find ${BRAND_NAME} promotions using Reddit?,特殊优惠,reddit coupon,手写模板,1,
10,How do I search Reddit for ${BRAND_NAME} promo offers?,特殊优惠,reddit coupon,手写模板,1,
10,How to get the newest offers for ${BRAND_NAME} on Reddit?,特殊优惠,reddit coupon,手写模板,1,
10,How can I access ${BRAND_NAME} promo codes via Reddit?,特殊优惠,reddit coupon,手写模板,1,
10,How do I find ${BRAND_NAME} coupon codes on Reddit?,特殊优惠,reddit coupon,手写模板,1,
10,How do I access ${BRAND_NAME} coupons on Reddit?,特殊优惠,reddit coupon,手写模板,1,
11,Does ${BRAND_NAME} offer free shipping?,特殊优惠,free shipping,chatgpt程序,1,
11,Is free shipping available at ${BRAND_NAME}?,特殊优惠,free shipping,chatgpt程序,1,
11,Does ${BRAND_NAME} have free shipping?,特殊优惠,free shipping,chatgpt程序,1,
11,Does ${BRAND_NAME} offer free delivery?,特殊优惠,free shipping,chatgpt程序,1,
11,Can I get free shipping at ${BRAND_NAME}?,特殊优惠,free shipping,chatgpt程序,1,
11,Does ${BRAND_NAME} offer free shipping on all orders?,特殊优惠,free shipping,chatgpt程序,1,
11,Is there a ${BRAND_NAME} free shipping offer available?,特殊优惠,free shipping,chatgpt程序,1,
11,Can I qualify for free shipping at ${BRAND_NAME}?,特殊优惠,free shipping,chatgpt程序,1,
11,Does ${BRAND_NAME} have a free delivery option?,特殊优惠,free shipping,chatgpt程序,1,
11,Does ${BRAND_NAME} ship for free?,特殊优惠,free shipping,chatgpt程序,1,
11,Is there a free shipping option at ${BRAND_NAME}?,特殊优惠,free shipping,chatgpt程序,1,
11,Can customers get free shipping from ${BRAND_NAME}?,特殊优惠,free shipping,chatgpt程序,1,
11,Does ${BRAND_NAME} include free shipping with their products?,特殊优惠,free shipping,chatgpt程序,1,
11,Are there any free shipping options available at ${BRAND_NAME}?,特殊优惠,free shipping,chatgpt程序,1,
11,Can shoppers enjoy free shipping when buying from ${BRAND_NAME}?,特殊优惠,free shipping,chatgpt程序,1,
11,Can customers benefit from free shipping at ${BRAND_NAME}?,特殊优惠,free shipping,chatgpt程序,1,
11,Does ${BRAND_NAME} provide free shipping?,特殊优惠,free shipping,chatgpt程序,1,
11,Is ${BRAND_NAME} offering free shipping to its customers?,特殊优惠,free shipping,chatgpt程序,1,
11,Can shoppers take advantage of free shipping at ${BRAND_NAME}?,特殊优惠,free shipping,chatgpt程序,1,
11,Is free shipping an option available through ${BRAND_NAME}?,特殊优惠,free shipping,chatgpt程序,1,
11,Can you get free shipping when ordering from ${BRAND_NAME}?,特殊优惠,free shipping,chatgpt程序,1,
11,Can customers enjoy free shipping when they shop with ${BRAND_NAME}?,特殊优惠,free shipping,chatgpt程序,1,
11,Is it possible to get free shipping with ${BRAND_NAME} orders?,特殊优惠,free shipping,chatgpt程序,1,
11,Is free shipping available with a ${BRAND_NAME} purchase?,特殊优惠,free shipping,chatgpt程序,1,
11,Can you get free shipping by ordering from ${BRAND_NAME}?,特殊优惠,free shipping,chatgpt程序,1,
11,Are ${BRAND_NAME} orders eligible for free shipping?,特殊优惠,free shipping,chatgpt程序,1,
11,Can ${BRAND_NAME} customers take advantage of free shipping?,特殊优惠,free shipping,chatgpt程序,1,
11,Does ${BRAND_NAME} provide free shipping on their orders?,特殊优惠,free shipping,chatgpt程序,1,
11,Does ${BRAND_NAME} offer free delivery on my orders?,特殊优惠,free shipping,chatgpt程序,1,
11,Will I receive free shipping when I order at ${BRAND_NAME}?,特殊优惠,free shipping,chatgpt程序,1,
11,Do ${BRAND_NAME} orders come with free shipping?,特殊优惠,free shipping,chatgpt程序,1,
11,Is free shipping an option when buying at ${BRAND_NAME}?,特殊优惠,free shipping,chatgpt程序,1,
11,Will I get free shipping if I shop at ${BRAND_NAME}?,特殊优惠,free shipping,chatgpt程序,1,
11,Is free shipping available when I buy at ${BRAND_NAME}?,特殊优惠,free shipping,chatgpt程序,1,
11,Does ${BRAND_NAME} give free shipping on my purchases?,特殊优惠,free shipping,chatgpt程序,1,
12,How much do you have to spend at ${BRAND_NAME} to get free shipping?,特殊优惠,free shipping,chatgpt程序,1,
12,How much do you have to spend on ${BRAND_NAME} for free shipping?,特殊优惠,free shipping,chatgpt程序,1,
12,Does ${BRAND_NAME} set a minimum purchase for free shipping?,特殊优惠,free shipping,chatgpt程序,1,
12,What's the minimum spend at ${BRAND_NAME} to qualify for free shipping?,特殊优惠,free shipping,chatgpt程序,1,
12,What's the free shipping threshold at ${BRAND_NAME}?,特殊优惠,free shipping,chatgpt程序,1,
12,Does ${BRAND_NAME} require a minimum purchase for free shipping?,特殊优惠,free shipping,chatgpt程序,1,
12,How much do you have to spend at ${BRAND_NAME} for free shipping to apply?,特殊优惠,free shipping,chatgpt程序,1,
12,Is there a minimum order amount at ${BRAND_NAME} for free shipping?,特殊优惠,free shipping,chatgpt程序,1,
12,How much do I need to spend on ${BRAND_DOMAIN} to get free delivery?,特殊优惠,free shipping,chatgpt程序,1,
12,Does ${BRAND_NAME} have a minimum order for free shipping?,特殊优惠,free shipping,chatgpt程序,1,
12,What’s the spending threshold for free shipping at ${BRAND_NAME}?,特殊优惠,free shipping,chatgpt程序,1,
12,What's the spending threshold at ${BRAND_NAME} for free shipping?,特殊优惠,free shipping,chatgpt程序,1,
12,How much do you need to spend at ${BRAND_NAME} for free delivery?,特殊优惠,free shipping,chatgpt程序,1,
12,What's the required amount to spend at ${BRAND_NAME} to get free shipping?,特殊优惠,free shipping,chatgpt程序,1,
12,What’s the spending requirement at ${BRAND_NAME} to obtain free shipping?,特殊优惠,free shipping,chatgpt程序,1,
12,What’s the minimum purchase at ${BRAND_NAME} for free shipping eligibility?,特殊优惠,free shipping,chatgpt程序,1,
12,How much should you spend at ${BRAND_NAME} to secure free shipping?,特殊优惠,free shipping,chatgpt程序,1,
12,What’s the minimum purchase amount at ${BRAND_NAME} to get free shipping?,特殊优惠,free shipping,chatgpt程序,1,
12,How much do you need to spend to qualify for ${BRAND_NAME} free shipping?,特殊优惠,free shipping,chatgpt程序,1,
12,How much must you spend at ${BRAND_NAME} to get free shipping?,特殊优惠,free shipping,chatgpt程序,1,
12,What’s the minimum spend at ${BRAND_NAME} to be eligible for free shipping?,特殊优惠,free shipping,chatgpt程序,1,
12,How much should you spend at ${BRAND_NAME} to qualify for free delivery?,特殊优惠,free shipping,chatgpt程序,1,
12,What’s the amount you need to spend at ${BRAND_NAME} to get free shipping?,特殊优惠,free shipping,chatgpt程序,1,
12,How much do you need to purchase at ${BRAND_NAME} to receive free shipping?,特殊优惠,free shipping,chatgpt程序,1,
12,What’s the minimum spend required at ${BRAND_NAME} to get free shipping?,特殊优惠,free shipping,chatgpt程序,1,
12,What’s the spend threshold at ${BRAND_NAME} to receive free shipping?,特殊优惠,free shipping,chatgpt程序,1,
12,What’s the required spending amount at ${BRAND_NAME} for free shipping?,特殊优惠,free shipping,chatgpt程序,1,
12,${BRAND_NAME} free shipping threshold—what’s the amount?,特殊优惠,free shipping,chatgpt程序,1,
12,What’s the minimum purchase requirement at ${BRAND_NAME} for free shipping?,特殊优惠,free shipping,chatgpt程序,1,
12,How much do you need to buy to get free shipping from ${BRAND_NAME}?,特殊优惠,free shipping,chatgpt程序,1,
12,Does ${BRAND_NAME} have a minimum spend requirement for free shipping?,特殊优惠,free shipping,chatgpt程序,1,
12,Is a minimum purchase required to get free shipping at ${BRAND_NAME}?,特殊优惠,free shipping,chatgpt程序,1,
13,How to get free shipping at ${BRAND_NAME}?,特殊优惠,free shipping,chatgpt程序,1,
13,How do I avoid ${BRAND_NAME} delivery fee?,特殊优惠,free shipping,chatgpt程序,1,
13,How to qualify for ${BRAND_NAME} free shipping?,特殊优惠,free shipping,chatgpt程序,1,
13,How do I skip the delivery fee at ${BRAND_NAME}?,特殊优惠,free shipping,chatgpt程序,1,
13,How to get free delivery from ${BRAND_NAME}?,特殊优惠,free shipping,chatgpt程序,1,
13,Are there any tricks to avoiding ${BRAND_NAME} shipping fees?,特殊优惠,free shipping,chatgpt程序,1,
13,How can I avoid shipping costs at ${BRAND_NAME}?,特殊优惠,free shipping,chatgpt程序,1,
13,Are there any tricks to get ${BRAND_NAME} free delivery?,特殊优惠,free shipping,chatgpt程序,1,
13,How can I get ${BRAND_NAME} delivery without paying shipping fees?,特殊优惠,free shipping,chatgpt程序,1,
13,Is there a way to get ${BRAND_NAME} free delivery?,特殊优惠,free shipping,chatgpt程序,1,
13,How can you get free delivery at ${BRAND_NAME}?,特殊优惠,free shipping,chatgpt程序,1,
13,How do you qualify for free delivery at ${BRAND_NAME}?,特殊优惠,free shipping,chatgpt程序,1,
13,How can I secure free shipping at ${BRAND_NAME}?,特殊优惠,free shipping,chatgpt程序,1,
13,How can I qualify for ${BRAND_NAME} free shipping?,特殊优惠,free shipping,chatgpt程序,1,
13,How to get ${BRAND_NAME} free shipping?,特殊优惠,free shipping,chatgpt程序,1,
13,How do you get free shipping on ${BRAND_NAME} orders?,特殊优惠,free shipping,chatgpt程序,1,
13,How can you enjoy free shipping with ${BRAND_NAME} purchases?,特殊优惠,free shipping,chatgpt程序,1,
13,What’s the way to get ${BRAND_NAME} free shipping?,特殊优惠,free shipping,chatgpt程序,1,
13,How do you get ${BRAND_NAME} free shipping on your orders?,特殊优惠,free shipping,chatgpt程序,1,
13,How do you get ${BRAND_NAME} free delivery with your purchase?,特殊优惠,free shipping,chatgpt程序,1,
13,How do you get free shipping when shopping at ${BRAND_NAME}?,特殊优惠,free shipping,chatgpt程序,1,
13,How can you receive free delivery with ${BRAND_NAME}?,特殊优惠,free shipping,chatgpt程序,1,
13,What’s the way to receive free delivery at ${BRAND_NAME}?,特殊优惠,free shipping,chatgpt程序,1,
13,How can I receive ${BRAND_NAME} free shipping?,特殊优惠,free shipping,chatgpt程序,1,
13,How do you qualify for free shipping with ${BRAND_NAME} orders?,特殊优惠,free shipping,chatgpt程序,1,
13,What’s the method to secure free shipping from ${BRAND_NAME}?,特殊优惠,free shipping,chatgpt程序,1,
13,How do you get free delivery with a ${BRAND_NAME} order?,特殊优惠,free shipping,chatgpt程序,1,
13,How can you get ${BRAND_NAME} free shipping on your items?,特殊优惠,free shipping,chatgpt程序,1,
13,How do I qualify for ${BRAND_NAME} free shipping when shopping?,特殊优惠,free shipping,chatgpt程序,1,
13,How can you secure free shipping on purchases from ${BRAND_NAME}?,特殊优惠,free shipping,chatgpt程序,1,
14,When does ${BRAND_NAME} have sales?,coupons & sales,sales,chatgpt程序,1,
14,When does ${BRAND_NAME} have its biggest sales?,coupons & sales,sales,chatgpt程序,1,
14,How often does ${BRAND_NAME} run sales throughout the year?,coupons & sales,sales,chatgpt程序,1,
14,Does ${BRAND_NAME} have annual sales or promotions?,coupons & sales,sales,chatgpt程序,1,
14,When does ${BRAND_NAME} run sales?,coupons & sales,sales,chatgpt程序,1,
14,Does ${BRAND_NAME} have annual sales events?,coupons & sales,sales,chatgpt程序,1,
14,When is the best time to shop ${BRAND_NAME} sales?,coupons & sales,sales,chatgpt程序,1,
14,What time of year does ${BRAND_NAME} offer sales?,coupons & sales,sales,chatgpt程序,1,
14,What are the key dates for ${BRAND_NAME} sales?,coupons & sales,sales,chatgpt程序,1,
14,When can I expect big sales from ${BRAND_NAME}?,coupons & sales,sales,chatgpt程序,1,
15,What are the best savings events at ${BRAND_NAME}?,coupons & sales,sales,chatgpt程序,1,
15,What are the top ${BRAND_NAME} sales throughout the year?,coupons & sales,sales,chatgpt程序,1,
15,What are the most popular sale events at ${BRAND_NAME}?,coupons & sales,sales,chatgpt程序,1,
15,What major sales events does ${BRAND_NAME} have annually?,coupons & sales,sales,chatgpt程序,1,
15,Which ${BRAND_NAME} sales offer the biggest discounts?,coupons & sales,sales,chatgpt程序,1,
15,What are the key seasonal sales at ${BRAND_NAME}?,coupons & sales,sales,chatgpt程序,1,
15,When do the largest ${BRAND_NAME} sales typically occur?,coupons & sales,sales,chatgpt程序,1,
15,What are the peak sales periods at ${BRAND_NAME}?,coupons & sales,sales,chatgpt程序,1,
15,What are the best times to shop at ${BRAND_NAME}?,coupons & sales,sales,chatgpt程序,1,
15,Are there any major sales or promotions at ${BRAND_NAME}?,coupons & sales,sales,chatgpt程序,1,
16,Does ${BRAND_NAME} do a price match?,会员优惠 & 商家政策,price match,chatgpt程序,1,
16,What is the ${BRAND_NAME} price match policy?,会员优惠 & 商家政策,price match,chatgpt程序,1,
16,Does ${BRAND_NAME} match prices with their competitors?,会员优惠 & 商家政策,price match,chatgpt程序,1,
16,Can I request a price match at ${BRAND_NAME} after purchase?,会员优惠 & 商家政策,price match,chatgpt程序,1,
16,Does ${BRAND_NAME} offer price matching?,会员优惠 & 商家政策,price match,chatgpt程序,1,
16,Does ${BRAND_NAME} price match with other major retailers?,会员优惠 & 商家政策,price match,chatgpt程序,1,
16,Does ${BRAND_NAME} offer a price guarantee?,会员优惠 & 商家政策,price match,chatgpt程序,1,
16,What competitors does ${BRAND_NAME} price match with?,会员优惠 & 商家政策,price match,chatgpt程序,1,
16,How do I request a price match at ${BRAND_NAME}?,会员优惠 & 商家政策,price match,chatgpt程序,1,
16,Does ${BRAND_NAME} have a price match policy?,会员优惠 & 商家政策,price match,chatgpt程序,1,
17,Can I get a discount by signing up for ${BRAND_NAME} emails?,会员优惠 & 商家政策,email discount,chatgpt程序,1,
17,Are there any special offers for new subscribers to ${BRAND_NAME} email newsletter?,会员优惠 & 商家政策,email discount,chatgpt程序,1,
17,Does signing up for ${BRAND_NAME} emails give me exclusive discounts?,会员优惠 & 商家政策,email discount,chatgpt程序,1,
17,Does ${BRAND_NAME} have an email sign-up discount?,会员优惠 & 商家政策,email discount,chatgpt程序,1,
17,Is there a discount for joining ${BRAND_NAME} email newsletter?,会员优惠 & 商家政策,email discount,chatgpt程序,1,
17,Is there a welcome discount for ${BRAND_NAME} new subscribers?,会员优惠 & 商家政策,email discount,chatgpt程序,1,
17,What are the benefits of joining ${BRAND_NAME} email list?,会员优惠 & 商家政策,email discount,chatgpt程序,1,
17,Does ${BRAND_NAME} offer a discount when you sign up for their newsletter?,会员优惠 & 商家政策,email discount,chatgpt程序,1,
17,What perks do I get for subscribing to ${BRAND_NAME} emails?,会员优惠 & 商家政策,email discount,chatgpt程序,1,
17,Does ${BRAND_NAME} send out promo codes to new email subscribers?,会员优惠 & 商家政策,email discount,chatgpt程序,1,
18,Does ${BRAND_NAME} offer birthday discounts?,会员优惠 & 商家政策,birthday discounts,chatgpt程序,1,
18,Does ${BRAND_NAME} give birthday coupons or discounts?,会员优惠 & 商家政策,birthday discounts,chatgpt程序,1,
18,Does ${BRAND_NAME} send birthday coupons to members?,会员优惠 & 商家政策,birthday discounts,chatgpt程序,1,
18,What birthday perks does ${BRAND_NAME} provide?,会员优惠 & 商家政策,birthday discounts,chatgpt程序,1,
18,Can I get a birthday discount at ${BRAND_NAME}?,会员优惠 & 商家政策,birthday discounts,chatgpt程序,1,
18,How do I claim a birthday discount from ${BRAND_NAME}?,会员优惠 & 商家政策,birthday discounts,chatgpt程序,1,
18,Does ${BRAND_NAME} have special offers for birthdays?,会员优惠 & 商家政策,birthday discounts,chatgpt程序,1,
18,Is there a birthday reward program at ${BRAND_NAME}?,会员优惠 & 商家政策,birthday discounts,chatgpt程序,1,
18,Do I receive a discount on my birthday from ${BRAND_NAME}?,会员优惠 & 商家政策,birthday discounts,chatgpt程序,1,
18,Are there birthday discounts at ${BRAND_NAME}?,会员优惠 & 商家政策,birthday discounts,chatgpt程序,1,
18,What benefits does ${BRAND_NAME} offer for birthdays?,会员优惠 & 商家政策,birthday discounts,chatgpt程序,1,
18,What is ${BRAND_NAME} birthday offer?,会员优惠 & 商家政策,birthday discounts,chatgpt程序,1,
19,How to get ${BRAND_NAME} birthday coupons?,会员优惠 & 商家政策,birthday discounts,chatgpt程序,1,
19,How can I get a birthday discount from ${BRAND_NAME}?,会员优惠 & 商家政策,birthday discounts,chatgpt程序,1,
19,How do I receive birthday discounts from ${BRAND_NAME}?,会员优惠 & 商家政策,birthday discounts,chatgpt程序,1,
19,How can I sign up for ${BRAND_NAME} birthday coupons?,会员优惠 & 商家政策,birthday discounts,chatgpt程序,1,
19,How do I qualify for a ${BRAND_NAME} birthday discount?,会员优惠 & 商家政策,birthday discounts,chatgpt程序,1,
19,How do I claim my ${BRAND_NAME} birthday offer?,会员优惠 & 商家政策,birthday discounts,chatgpt程序,1,
19,How to unlock my birthday discounts at ${BRAND_NAME}?,会员优惠 & 商家政策,birthday discounts,chatgpt程序,1,
19,How to activate my birthday discount at ${BRAND_NAME}?,会员优惠 & 商家政策,birthday discounts,chatgpt程序,1,
19,How do I find my ${BRAND_NAME} birthday promo code?,会员优惠 & 商家政策,birthday discounts,chatgpt程序,1,
19,How do I redeem my birthday discount at ${BRAND_NAME}?,会员优惠 & 商家政策,birthday discounts,chatgpt程序,1,
20,Are there special discounts for ${BRAND_NAME} members?,会员优惠 & 商家政策,member discounts,chatgpt程序,1,
20,What discounts do ${BRAND_NAME} members receive?,会员优惠 & 商家政策,member discounts,chatgpt程序,1,
20,Are there exclusive offers for ${BRAND_NAME} loyalty members?,会员优惠 & 商家政策,member discounts,chatgpt程序,1,
20,What are the perks of joining ${BRAND_NAME}'s membership program?,会员优惠 & 商家政策,member discounts,chatgpt程序,1,
20,What exclusive discounts do ${BRAND_NAME} members get?,会员优惠 & 商家政策,member discounts,chatgpt程序,1,
20,Are there any perks for being a ${BRAND_NAME} member?,会员优惠 & 商家政策,member discounts,chatgpt程序,1,
20,Do ${BRAND_NAME} members receive special offers?,会员优惠 & 商家政策,member discounts,chatgpt程序,1,
20,How do ${BRAND_NAME} members access exclusive discounts?,会员优惠 & 商家政策,member discounts,chatgpt程序,1,
20,Do ${BRAND_NAME} members get early access to promotions?,会员优惠 & 商家政策,member discounts,chatgpt程序,1,
20,Are there any exclusive deals for ${BRAND_NAME} members?,会员优惠 & 商家政策,member discounts,chatgpt程序,1,
21,What is ${BRAND_NAME} return policy?,会员优惠 & 商家政策,return policy,chatgpt程序,1,
21,Does ${BRAND_NAME} offer free returns?,会员优惠 & 商家政策,return policy,chatgpt程序,1,
21,Can I return ${BRAND_NAME} items after the return window has passed?,会员优惠 & 商家政策,return policy,chatgpt程序,1,
21,How long is the return window for ${BRAND_NAME} items?,会员优惠 & 商家政策,return policy,chatgpt程序,1,
21,What is the process for returning items to ${BRAND_NAME}?,会员优惠 & 商家政策,return policy,chatgpt程序,1,
21,Does ${BRAND_NAME} allow returns without a receipt?,会员优惠 & 商家政策,return policy,chatgpt程序,1,
21,How do I initiate a return with ${BRAND_NAME}?,会员优惠 & 商家政策,return policy,chatgpt程序,1,
21,Does ${BRAND_NAME} accept returns on sale items?,会员优惠 & 商家政策,return policy,chatgpt程序,1,
21,What happens if I miss the return deadline at ${BRAND_NAME}?,会员优惠 & 商家政策,return policy,chatgpt程序,1,
21,Does ${BRAND_NAME} require a receipt for all returns?,会员优惠 & 商家政策,return policy,chatgpt程序,1,